{
  "hs2": {
    "dataset": "HS2",
    "judges": [
      "falcon-7b-instruct",
      "granite-3.0-8b-instruct",
      "Llama-3-8B-Instruct",
      "Mistral-7B-Instruct-v0.3",
      "OLMo-7B-Instruct-hf",
      "Qwen2.5-7B-Instruct"
    ],
    "per_judge_rstar_iso": [
      0.4714714714714714,
      0.40001629536513256,
      0.38703299572864786,
      0.4139868023363169,
      0.4639718666034456,
      0.41602427169437484
    ],
    "per_judge_rstar_ca": [
      0.4335616755545581,
      0.34817363088487807,
      0.3326571194434417,
      0.3696455326210361,
      0.40805212404762875,
      0.3610084017318856
    ],
    "iso_mean": 0.42541728386656485,
    "iso_std": 0.031477220399170384,
    "ca_mean": 0.37551641404723807,
    "ca_std": 0.03477863665083419,
    "anchors": {
      "rho0": 0.18518518518518517,
      "rho1": 0.0714285714285714,
      "stretch": 1.3451957295373664
    }
  },
  "uf": {
    "dataset": "UF",
    "judges": [
      "falcon-7b-instruct",
      "granite-3.0-8b-instruct",
      "Llama-3-8B-Instruct",
      "Mistral-7B-Instruct-v0.3",
      "OLMo-7B-Instruct-hf",
      "Qwen2.5-7B-Instruct"
    ],
    "per_judge_rstar_iso": [
      0.459214501510574,
      0.21633473927782187,
      0.21225658073395157,
      0.25234594094734597,
      0.47293535502947115,
      0.13908763496230903
    ],
    "per_judge_rstar_ca": [
      0.45637733364319455,
      0.21365076294447766,
      0.20955275767125128,
      0.25004695883564787,
      0.46804172275300004,
      0.1352735713392319
    ],
    "iso_mean": 0.2920291254102456,
    "iso_std": 0.12763043491692516,
    "ca_mean": 0.2888238511978006,
    "ca_std": 0.12728540781560052,
    "anchors": {
      "rho0": 0.0,
      "rho1": 0.00952380952380949,
      "stretch": 1.0096153846153846
    }
  },
  "drift_iso": 0.13338815845631924,
  "drift_ca_pooled": 0.0866925628494375,
  "drift_improvement_abs": 0.046695595606881746,
  "std_ratio_ca_over_iso": {
    "hs2": 1.1048827123169622,
    "uf": 0.9972966706448253
  },
  "go_no_go": {
    "drift_lt_0.09": {
      "value": 0.0866925628494375,
      "pass": true
    },
    "std_ratio_lt_1.0": {
      "hs2": 1.1048827123169622,
      "uf": 0.9972966706448253,
      "pass": false
    },
    "range_in_0.02_0.55": {
      "pass": true
    },
    "overall_pass": false
  },
  "framing": "FCI with global pooled anchor (Gemini Gate-1 2026-04-19 alternative to 'strongest-judge' proposal which was rejected as circular). Non-tautological \u2014 affine correction inside min(\u00b7), same as P15. Key change: shared (\u03c1_0, \u03c1_1) from pooled judge distribution removes heterogeneous-truncation sensitivity that caused P15's HS2 widening.",
  "year1_theory_hook": "Global pooled anchor \u2192 Kiefer\u2013Wolfowitz 1976 isotonic boundary rate O_P((N*K)^{-1/3}) on \u03c1 estimation, with K judges pooled. Combined with plug-in rate O_P(N^{-1/2}), Year-1 target bound is |R\u0302*_CA \u2212 R*| = O_P((N*K)^{-1/3}) + O_P(N^{-1/2})."
}