{
  "true_rstar": 0.15865525393145707,
  "bayes_accuracy": 0.8413447460685429,
  "n_train": 20000,
  "n_test": 10000,
  "mu_dist": 2.0,
  "sigma": 1.0,
  "device": "cuda",
  "per_model": [
    {
      "acc": 0.8357,
      "rstar_plugin": 0.15895144641399384,
      "ece": 0.012978743290901191,
      "brier": 0.23141160858456833,
      "avg_confidence": 0.841048538684845,
      "width": 4,
      "gap_rstar": 0.0002961924825367612
    },
    {
      "acc": 0.8357,
      "rstar_plugin": 0.15918083488941193,
      "ece": 0.007348864483833305,
      "brier": 0.23139810765027966,
      "avg_confidence": 0.8408191204071045,
      "width": 16,
      "gap_rstar": 0.000525580957954852
    },
    {
      "acc": 0.8343,
      "rstar_plugin": 0.1677316427230835,
      "ece": 0.007924155473709131,
      "brier": 0.23228882343528034,
      "avg_confidence": 0.8322683572769165,
      "width": 128,
      "gap_rstar": 0.009076388791626422
    }
  ],
  "pearson_ece_rstar": {
    "r": -0.43814022736837516,
    "p": 0.7112746621067134
  }
}