{
  "rstar_per_judge": {
    "falcon-7b-instruct": 0.4907194658602999,
    "granite-3.0-8b-instruct": 0.21614195022277594,
    "Llama-3-8B-Instruct": 0.21409482314708525,
    "Mistral-7B-Instruct-v0.3": 0.24285094208700236,
    "OLMo-7B-Instruct-hf": 0.4626028661367219,
    "Qwen2.5-7B-Instruct": 0.15289535005212118
  },
  "mean_rstar": 0.29655089958433445,
  "std_rstar": 0.1304223228279652,
  "var_rstar": 0.01700998229184197,
  "var_bootstrap_ci": [
    3.7117925689861326e-06,
    6.11265830092192e-05
  ],
  "permutation_null_mean_var": 2.6588529847609682e-05,
  "permutation_p_value": 0.0
}