{
  "n_judges": 6,
  "n_bootstrap": 10000,
  "seed": 42,
  "correlations": {
    "acc_vs_rstar_iso": {
      "pearson_r": -0.9665363275627319,
      "p_value": 0.001660989458603537,
      "bootstrap_ci_95": [
        -0.9983726819312102,
        -0.822115245947298
      ],
      "fisher_z_ci_95": [
        -0.9964661289893977,
        -0.7188197334536566
      ]
    },
    "ece_raw_vs_rstar_raw": {
      "pearson_r": -0.9706467515649989,
      "p_value": 0.001279774217465748,
      "bootstrap_ci_95": [
        -0.9996578673090791,
        -0.7679315911209438
      ],
      "fisher_z_ci_95": [
        -0.9969059870480598,
        -0.7494815905948191
      ]
    },
    "ece_iso_vs_rstar_iso": {
      "pearson_r": -0.7045015047138787,
      "p_value": 0.11807767122402726,
      "bootstrap_ci_95": [
        -0.9859851887513735,
        0.15066817301774482
      ],
      "fisher_z_ci_95": [
        -0.9645722949969207,
        0.249991381898294
      ]
    }
  },
  "cross_judge_variance": {
    "R_star_iso_mean": 0.42393333333333333,
    "R_star_iso_std": 0.031103090235894918,
    "R_star_iso_variance": 0.0009674022222222219,
    "variance_ci_lo": 9.754472222222247e-05,
    "variance_ci_hi": 0.0013812153541666661
  }
}