{
  "n_judges": 5,
  "n_bootstrap": 10000,
  "seed": 42,
  "correlations": {
    "acc_vs_rstar_iso": {
      "pearson_r": -0.9831776119450281,
      "p_value": 0.0026125608030469188,
      "bootstrap_ci_95": [
        -1.0,
        -0.762699040367579
      ],
      "fisher_z_ci_95": [
        -0.998939416415365,
        -0.7611607006454163
      ]
    },
    "ece_raw_vs_rstar_raw": {
      "pearson_r": -0.9709861630830733,
      "p_value": 0.005906666531395057,
      "bootstrap_ci_95": [
        -1.0,
        -0.5819568439461723
      ],
      "fisher_z_ci_95": [
        -0.9981601978277264,
        -0.6189827924748559
      ]
    },
    "ece_iso_vs_rstar_iso": {
      "pearson_r": -0.7481244895210504,
      "p_value": 0.14587564356266422,
      "bootstrap_ci_95": [
        -1.0,
        0.04921007420740427
      ],
      "fisher_z_ci_95": [
        -0.9821365071483771,
        0.3945874697950093
      ]
    }
  },
  "cross_judge_variance": {
    "R_star_iso_mean": 0.43146000000000007,
    "R_star_iso_std": 0.02865272063871072,
    "R_star_iso_variance": 0.0008209783999999993,
    "variance_ci_lo": 4.108959999999985e-05,
    "variance_ci_hi": 0.0011168599999999986
  }
}