{
  "rstar_per_judge": {
    "falcon-7b-instruct": 0.4853865265850987,
    "granite-3.0-8b-instruct": 0.41310628003878036,
    "Llama-3-8B-Instruct": 0.3935897026913957,
    "Mistral-7B-Instruct-v0.3": 0.4162848393748311,
    "OLMo-7B-Instruct-hf": 0.4839120536250324,
    "Qwen2.5-7B-Instruct": 0.40210888066647743
  },
  "mean_rstar": 0.4323980471636026,
  "std_rstar": 0.037675811791557295,
  "var_rstar": 0.001419466794152848,
  "var_bootstrap_ci": [
    3.7969124704993638e-06,
    5.5585455783607786e-05
  ],
  "permutation_null_mean_var": 2.5276928473271157e-05,
  "permutation_p_value": 0.0
}