{
  "n_judges": 6,
  "dataset": "UltraFeedback",
  "correlations": {
    "acc_vs_rstar_iso": {
      "pearson_r": -0.9992365907590147,
      "p_value": 8.739680487959919e-07,
      "fisher_z_ci_95": [
        -0.9999205629538768,
        -0.9926849929125123
      ],
      "bootstrap_ci_95": [
        -0.9999999885076716,
        -0.998492930798631
      ]
    },
    "ece_raw_vs_rstar_raw": {
      "pearson_r": 0.0044382893638362925,
      "p_value": 0.9933426096678727,
      "fisher_z_ci_95": [
        -0.8100407102517663,
        0.8130709320780461
      ],
      "bootstrap_ci_95": [
        -0.9865168569110645,
        0.9509036117742686
      ]
    },
    "ece_iso_vs_rstar_iso": {
      "pearson_r": -0.8902916370615868,
      "p_value": 0.017393666539400898,
      "fisher_z_ci_95": [
        -0.9879982647472726,
        -0.28373981257241726
      ],
      "bootstrap_ci_95": [
        -0.9934146083728743,
        -0.2979403178826652
      ]
    }
  },
  "cross_judge_variance": {
    "R_star_iso_mean": 0.2896666666666667,
    "R_star_iso_std": 0.12868644925640857,
    "R_star_iso_variance": 0.01656020222222222,
    "variance_ci_lo": 0.0011903055555555553,
    "variance_ci_hi": 0.02352215222222222
  }
}